x0,x1,x2,x3,x4,x5,x6,x7,x8,x9,x10,x11,x12,x13,x14,x15,x16,x17,x18,x19,x20,y0,y1,y2,y3,y4,y5,y6,y7,y8,y9,y10,y11,y12,y13,y14,y15,y16,y17,y18,y19,y20,label
0.16798529028892517,0.19387966394424438,0.19728215038776398,0.19025909900665283,0.1729133278131485,0.1459125578403473,0.1339740753173828,0.13346315920352936,0.12981577217578888,0.12466861307621002,0.1324140727519989,0.15290211141109467,0.15819521248340607,0.10665518045425415,0.11577130854129791,0.13751055300235748,0.14422942698001862,0.090323306620121,0.10097378492355347,0.12013152241706848,0.1270880550146103,0.9245105981826782,0.8772091865539551,0.8086545467376709,0.7608625888824463,0.731512725353241,0.7759983539581299,0.7275278568267822,0.7101927995681763,0.6985738277435303,0.7939110398292542,0.7570621371269226,0.7886494994163513,0.8149170279502869,0.8162224888801575,0.7844003438949585,0.8126387596130371,0.8352558016777039,0.8429415225982666,0.8089603185653687,0.8240782022476196,0.8412142992019653,to meet
0.16823193430900574,0.19459007680416107,0.1994885802268982,0.19271034002304077,0.17659388482570648,0.1454533189535141,0.12643687427043915,0.11699026823043823,0.10813581943511963,0.12466539442539215,0.13556760549545288,0.15803219377994537,0.163998082280159,0.10755367577075958,0.12015990167856216,0.14320982992649078,0.148372083902359,0.09222924709320068,0.10339514911174774,0.12482330948114395,0.1312800645828247,0.9122721552848816,0.8748274445533752,0.8070423007011414,0.7636513710021973,0.7353318929672241,0.7676510810852051,0.708257257938385,0.6657854914665222,0.6315723061561584,0.7861998081207275,0.7474961280822754,0.7783147692680359,0.8090125918388367,0.810322105884552,0.780026376247406,0.8081371188163757,0.8322295546531677,0.8409241437911987,0.8064053654670715,0.8224851489067078,0.8418401479721069,to meet
0.7736179232597351,0.7497133612632751,0.7383832931518555,0.7372846603393555,0.7430585622787476,0.8028432130813599,0.8115060329437256,0.815289318561554,0.8208208084106445,0.8266714811325073,0.7837240099906921,0.7593544125556946,0.759803295135498,0.8395501375198364,0.7914562225341797,0.7714367508888245,0.7745868563652039,0.8450485467910767,0.8023534417152405,0.7845247387886047,0.7877452969551086,0.8852766752243042,0.8441458344459534,0.7789618968963623,0.7348158955574036,0.707377552986145,0.7131146788597107,0.6486753821372986,0.600043535232544,0.5636271834373474,0.729141891002655,0.7088276147842407,0.7502630352973938,0.778918445110321,0.7583266496658325,0.7430701851844788,0.7778970003128052,0.8012161254882812,0.794641375541687,0.7797394394874573,0.8016802668571472,0.8200902342796326,to meet
0.17772674560546875,0.19920076429843903,0.2008301466703415,0.18955576419830322,0.16473828256130219,0.14544695615768433,0.13212645053863525,0.12392622232437134,0.11646587401628494,0.1199447512626648,0.14319093525409698,0.16934041678905487,0.1838555783033371,0.09986003488302231,0.12829436361789703,0.15338194370269775,0.16607090830802917,0.08325330168008804,0.10694029182195663,0.131072536110878,0.14255660772323608,0.8715105652809143,0.8245004415512085,0.7527846097946167,0.7012127637863159,0.6774733662605286,0.7115813493728638,0.6518998742103577,0.6084920763969421,0.5708365440368652,0.7297994494438171,0.7016693353652954,0.7401673793792725,0.7765945196151733,0.757361114025116,0.7344093322753906,0.7734459638595581,0.8067426085472107,0.7928845286369324,0.7644327878952026,0.7881540656089783,0.8135688900947571,to meet
0.7794476747512817,0.7452431917190552,0.7301850914955139,0.7200273871421814,0.7332034707069397,0.7990646362304688,0.7941932678222656,0.7948196530342102,0.7977309226989746,0.8215440511703491,0.7649035453796387,0.7420049905776978,0.7428504228591919,0.834175705909729,0.7694661617279053,0.7544566988945007,0.7594264149665833,0.8383824825286865,0.7830892205238342,0.7664709091186523,0.7689275741577148,0.870228111743927,0.8025096654891968,0.7385101914405823,0.691470205783844,0.658760666847229,0.6749667525291443,0.6038593649864197,0.5531352758407593,0.5115886926651001,0.6850799322128296,0.6547874212265015,0.7006971836090088,0.7369058132171631,0.7083976864814758,0.6877203583717346,0.732225239276886,0.763901948928833,0.7409658432006836,0.7238601446151733,0.7543601989746094,0.7798535823822021,to meet
0.18057988584041595,0.20539122819900513,0.20856192708015442,0.2007720172405243,0.17984624207019806,0.15258806943893433,0.14385396242141724,0.13770556449890137,0.13100479543209076,0.127073273062706,0.15851083397865295,0.1817079782485962,0.1925581395626068,0.10650484263896942,0.1455211043357849,0.16520902514457703,0.17235706746578217,0.08871334046125412,0.11985637992620468,0.14101503789424896,0.14916259050369263,0.8401702642440796,0.7847718596458435,0.7086252570152283,0.6514562964439392,0.6206925511360168,0.6682705879211426,0.5946264266967773,0.5451207160949707,0.501598060131073,0.6858423948287964,0.6477265357971191,0.696391224861145,0.7377731204032898,0.7098910808563232,0.6802915930747986,0.733730137348175,0.7733917832374573,0.7410980463027954,0.7050284147262573,0.7354306578636169,0.7659369707107544,to meet
0.777033805847168,0.7442164421081543,0.7301152944564819,0.7219447493553162,0.735518753528595,0.7976663708686829,0.7985564470291138,0.7998084425926208,0.802984356880188,0.8216190934181213,0.7634881734848022,0.7357243299484253,0.737350344657898,0.8350757360458374,0.7709338068962097,0.7521109580993652,0.7579715847969055,0.8399826884269714,0.7856655120849609,0.7675319314002991,0.7709661722183228,0.8724444508552551,0.8083729147911072,0.7437726855278015,0.695129930973053,0.668210506439209,0.6734792590141296,0.5981406569480896,0.5453975200653076,0.5036416053771973,0.6877154111862183,0.6613084673881531,0.7109329700469971,0.7439973950386047,0.713164746761322,0.696492075920105,0.7396976351737976,0.7661518454551697,0.7475241422653198,0.7319814562797546,0.7607518434524536,0.7827019095420837,to meet
0.1831570863723755,0.20732718706130981,0.21308428049087524,0.20358598232269287,0.1802409589290619,0.15416941046714783,0.14442433416843414,0.13793815672397614,0.13178761303424835,0.1276705265045166,0.16008013486862183,0.184666246175766,0.19742056727409363,0.10682842135429382,0.14805194735527039,0.1666107326745987,0.17384161055088043,0.08955457806587219,0.12392888963222504,0.1436517983675003,0.14966535568237305,0.8457107543945312,0.7851493954658508,0.7088948488235474,0.6535620093345642,0.6260420680046082,0.6659729480743408,0.5910748243331909,0.541832447052002,0.4975747764110565,0.6830852031707764,0.6490858793258667,0.6993948221206665,0.7406543493270874,0.7077302932739258,0.6824670433998108,0.7363832592964172,0.7755100727081299,0.7393255233764648,0.7083719968795776,0.7406795024871826,0.7705608010292053,to meet
0.7505506277084351,0.7203830480575562,0.706707775592804,0.7027249932289124,0.7161830067634583,0.776361346244812,0.776755154132843,0.778110921382904,0.7815267443656921,0.8019171357154846,0.741423487663269,0.7112473845481873,0.711198091506958,0.8143492341041565,0.7476264834403992,0.7247725129127502,0.7287638783454895,0.8163966536521912,0.7612680792808533,0.7421170473098755,0.7460275292396545,0.884540319442749,0.8195947408676147,0.7500467300415039,0.6997628808021545,0.679858922958374,0.6837983727455139,0.6098436713218689,0.5577675104141235,0.51603102684021,0.6991621851921082,0.6740556955337524,0.722395122051239,0.7546283602714539,0.7269189357757568,0.7100910544395447,0.7524878978729248,0.7786617279052734,0.7619315385818481,0.7452354431152344,0.7729569673538208,0.7944658398628235,to meet
0.1988241970539093,0.21825635433197021,0.22158227860927582,0.2153593897819519,0.19390767812728882,0.16437740623950958,0.15684197843074799,0.14911657571792603,0.14135725796222687,0.13833744823932648,0.17742401361465454,0.20182208716869354,0.2138967514038086,0.11959356814622879,0.16610965132713318,0.18536889553070068,0.19395464658737183,0.10545535385608673,0.1435050070285797,0.16371393203735352,0.17207664251327515,0.8587373495101929,0.7946038246154785,0.7204926609992981,0.6651462912559509,0.6365369558334351,0.6757771372795105,0.6037477254867554,0.5571519136428833,0.5146700143814087,0.6926528215408325,0.6676123142242432,0.7140392065048218,0.7530344724655151,0.7188006043434143,0.6990379095077515,0.748531699180603,0.7860766053199768,0.7523058652877808,0.7265243530273438,0.7563685774803162,0.7852362990379333,to meet
0.7401944398880005,0.7107074856758118,0.6994667053222656,0.6936855316162109,0.7015023827552795,0.7682983875274658,0.7695813179016113,0.7726886868476868,0.7766127586364746,0.7906679511070251,0.7278838753700256,0.6970876455307007,0.6953699588775635,0.8002176880836487,0.732556164264679,0.7112951874732971,0.7146475911140442,0.7998671531677246,0.7438570857048035,0.7266891598701477,0.7310088276863098,0.8861404061317444,0.8188992738723755,0.7535441517829895,0.7059314846992493,0.6778391003608704,0.6840965747833252,0.6120009422302246,0.5595353841781616,0.5186944007873535,0.698248028755188,0.6729776263237,0.7180165648460388,0.7499139308929443,0.7259519696235657,0.7080223560333252,0.7483906149864197,0.7746794819831848,0.7616466879844666,0.7470418810844421,0.7731403112411499,0.7945525050163269,to meet
0.20954744517803192,0.2282780408859253,0.2302338033914566,0.2237664759159088,0.2052868902683258,0.17760226130485535,0.16709300875663757,0.15995687246322632,0.15265634655952454,0.1527322679758072,0.1899685114622116,0.2140076458454132,0.22435696423053741,0.13445821404457092,0.17690767347812653,0.19705426692962646,0.20541003346443176,0.12002907693386078,0.15437595546245575,0.17485621571540833,0.18279294669628143,0.8639894127845764,0.7982167601585388,0.7247501015663147,0.6707025170326233,0.6401366591453552,0.6783923506736755,0.6069567203521729,0.5602633953094482,0.5192021131515503,0.6948752999305725,0.6696809530258179,0.7153807282447815,0.7541326880455017,0.7208925485610962,0.7008031010627747,0.7456938624382019,0.7812340259552002,0.7544281482696533,0.7279496788978577,0.7511402368545532,0.7760380506515503,to meet
0.6928816437721252,0.6534245014190674,0.6485145092010498,0.6472800970077515,0.6396729350090027,0.7112023234367371,0.6989413499832153,0.6994391679763794,0.7026639580726624,0.7259304523468018,0.6443898677825928,0.6285010576248169,0.6385765671730042,0.727949857711792,0.6448163390159607,0.6393238306045532,0.6540494561195374,0.7210018038749695,0.6551525592803955,0.6476024985313416,0.6592241525650024,0.9090814590454102,0.8326317071914673,0.7662678360939026,0.7203720808029175,0.6879129409790039,0.6892716884613037,0.6151294708251953,0.5612943172454834,0.5164093971252441,0.7030299305915833,0.6785073280334473,0.7212253212928772,0.7450761198997498,0.7316769361495972,0.7155501246452332,0.753686785697937,0.7731656432151794,0.7673994898796082,0.7524732351303101,0.7810503840446472,0.8010669946670532,to meet
0.2564898133277893,0.2812427878379822,0.28766483068466187,0.2867644429206848,0.27646106481552124,0.23674282431602478,0.23589545488357544,0.2338518649339676,0.23121191561222076,0.21355149149894714,0.25839757919311523,0.2828712463378906,0.2938615679740906,0.1971920132637024,0.24794168770313263,0.2681499123573303,0.27675575017929077,0.18539057672023773,0.22826656699180603,0.25156456232070923,0.2618461847305298,0.8877434730529785,0.8162535429000854,0.7485978603363037,0.6959112882614136,0.6557248830795288,0.684501051902771,0.6135287880897522,0.5674163103103638,0.5270215272903442,0.6976585388183594,0.6755234003067017,0.7178090810775757,0.7551813125610352,0.7213884592056274,0.7068369388580322,0.7481598258018494,0.7849304676055908,0.7542895078659058,0.7354442477226257,0.7596599459648132,0.7857241034507751,to meet
0.6700336337089539,0.6333407163619995,0.6271649599075317,0.6238709688186646,0.6172636151313782,0.6933322548866272,0.6791621446609497,0.6771931648254395,0.6794698238372803,0.7074851393699646,0.6231512427330017,0.606724202632904,0.6173728108406067,0.7071954607963562,0.6237931847572327,0.6171577572822571,0.6321696639060974,0.6988303065299988,0.6346572041511536,0.6249626278877258,0.634465754032135,0.9062372446060181,0.827475368976593,0.7567723989486694,0.7098273634910583,0.6823175549507141,0.6891425251960754,0.6144371628761292,0.5634629726409912,0.5193241238594055,0.7036100029945374,0.685502290725708,0.7248983979225159,0.748898446559906,0.7331235408782959,0.7215489745140076,0.7565658092498779,0.7741773724555969,0.7693750858306885,0.7587230205535889,0.7844491600990295,0.802826464176178,to meet
0.27970582246780396,0.30498170852661133,0.31044232845306396,0.31102269887924194,0.30156925320625305,0.25761425495147705,0.2568821310997009,0.2544497847557068,0.25120365619659424,0.23385238647460938,0.28001299500465393,0.30595654249191284,0.3151794672012329,0.2180463820695877,0.2725648880004883,0.29295822978019714,0.29929813742637634,0.20709767937660217,0.25531747937202454,0.2785622179508209,0.2870855927467346,0.8814903497695923,0.8092832565307617,0.7444834113121033,0.6940153241157532,0.654940664768219,0.6840803623199463,0.6176521182060242,0.5716113448143005,0.5310952663421631,0.6975905895233154,0.6718412637710571,0.7149563431739807,0.7543400526046753,0.7210702300071716,0.7030790448188782,0.7476223111152649,0.7849814891815186,0.7525819540023804,0.7322627902030945,0.7585600018501282,0.7850512266159058,to meet
0.6494577527046204,0.6131595373153687,0.6078281998634338,0.60567706823349,0.6001767516136169,0.6730708479881287,0.6571845412254333,0.6534745097160339,0.6540672183036804,0.688274085521698,0.6026722192764282,0.5858919024467468,0.5967721343040466,0.687643826007843,0.6026044487953186,0.5959495902061462,0.6107078790664673,0.6775118112564087,0.612823486328125,0.604139506816864,0.6137104034423828,0.9075157046318054,0.8275965452194214,0.7584286332130432,0.7125478982925415,0.6853172183036804,0.6929077506065369,0.6192008852958679,0.5685896277427673,0.524492621421814,0.709372878074646,0.6898886561393738,0.7312813997268677,0.7541999816894531,0.7392951846122742,0.7261654138565063,0.7629901170730591,0.7803459167480469,0.7751412987709045,0.762282133102417,0.7890748381614685,0.8072517514228821,to meet
0.2908231317996979,0.31737858057022095,0.32450687885284424,0.3269745707511902,0.3183669447898865,0.27140554785728455,0.27355659008026123,0.27354976534843445,0.2716565430164337,0.24945618212223053,0.2984218895435333,0.32449501752853394,0.33368298411369324,0.23620358109474182,0.2938843369483948,0.3135906159877777,0.31960248947143555,0.22883012890815735,0.27932947874069214,0.30037692189216614,0.3070375323295593,0.8827533721923828,0.813368022441864,0.7487407922744751,0.6970422267913818,0.6559512615203857,0.6882005333900452,0.6199279427528381,0.572552502155304,0.5312303304672241,0.7000550031661987,0.6726201176643372,0.7164676785469055,0.7573644518852234,0.7219051122665405,0.7025295495986938,0.7481541037559509,0.7868862748146057,0.7515788078308105,0.7321673631668091,0.7625436186790466,0.792021632194519,to meet
0.5934420824050903,0.5557198524475098,0.547344446182251,0.5415692329406738,0.5315400958061218,0.6116875410079956,0.5888811349868774,0.5821833610534668,0.5801709294319153,0.6232761740684509,0.5413181185722351,0.5307356715202332,0.5444746613502502,0.6196413040161133,0.537958025932312,0.5322532653808594,0.5468115210533142,0.6078923344612122,0.542195737361908,0.5300102829933167,0.5355968475341797,0.9325233101844788,0.847308874130249,0.779107928276062,0.7299037575721741,0.7015970349311829,0.7162215709686279,0.6431288719177246,0.5931867957115173,0.5499740242958069,0.7338508367538452,0.7126349806785583,0.7554706335067749,0.7794969081878662,0.7634614109992981,0.7479106783866882,0.7832483649253845,0.8026384115219116,0.7983139753341675,0.7814860939979553,0.8054289817810059,0.824000895023346,to meet
0.34041643142700195,0.3701757788658142,0.37630191445350647,0.38189467787742615,0.38403230905532837,0.32025232911109924,0.3377549648284912,0.3464103639125824,0.34981769323349,0.30196091532707214,0.37143680453300476,0.39184921979904175,0.3924477994441986,0.29621362686157227,0.36860597133636475,0.38134387135505676,0.38042956590652466,0.29811617732048035,0.3557180166244507,0.37131267786026,0.37361013889312744,0.9062921404838562,0.8313522934913635,0.7623931169509888,0.710346519947052,0.6644610166549683,0.7022499442100525,0.6327448487281799,0.5851179957389832,0.5447126626968384,0.7139870524406433,0.6949799060821533,0.7421788573265076,0.7765684723854065,0.7379398941993713,0.7230887413024902,0.7692848443984985,0.8018086552619934,0.7685563564300537,0.7502507567405701,0.7814328670501709,0.8070789575576782,to meet
0.5812286734580994,0.5406144261360168,0.5310564637184143,0.5247300267219543,0.5163359045982361,0.5979138016700745,0.5769473314285278,0.5696465969085693,0.565946102142334,0.6078248620033264,0.5262367129325867,0.5179281234741211,0.5338498950004578,0.6031744480133057,0.5236560106277466,0.5208843350410461,0.537255048751831,0.5908213257789612,0.529480516910553,0.5220149159431458,0.5315757393836975,0.9366376996040344,0.8556669354438782,0.7866097092628479,0.738279402256012,0.7042829394340515,0.722990870475769,0.6516948938369751,0.6022495031356812,0.5584530830383301,0.7402937412261963,0.7172881364822388,0.7591525316238403,0.781934380531311,0.7694767713546753,0.7556815147399902,0.7919320464134216,0.808343768119812,0.8039336800575256,0.7911099195480347,0.8171029090881348,0.833064079284668,to meet
0.35294467210769653,0.38602063059806824,0.3941180408000946,0.39727964997291565,0.3953525722026825,0.33114445209503174,0.352982759475708,0.3625153601169586,0.366423100233078,0.3153817057609558,0.3877253830432892,0.40651869773864746,0.4041685163974762,0.3121151924133301,0.3858289122581482,0.3958597481250763,0.3912431001663208,0.31628021597862244,0.3740042448043823,0.387765109539032,0.3873419761657715,0.9105066061019897,0.8324565887451172,0.7666782736778259,0.7192429304122925,0.6721178293228149,0.71151202917099,0.641054093837738,0.5926735401153564,0.5514988899230957,0.724278450012207,0.7032930254936218,0.7508053779602051,0.7858142256736755,0.7454866766929626,0.729419469833374,0.7778021693229675,0.8106106519699097,0.7719247341156006,0.7529182434082031,0.7862817049026489,0.8121480345726013,to meet
0.5714001655578613,0.5346122980117798,0.5263757109642029,0.5245779156684875,0.5207162499427795,0.5849252343177795,0.5622080564498901,0.5537781715393066,0.5499094128608704,0.5954509973526001,0.5149561762809753,0.5083522796630859,0.5244306325912476,0.5922374725341797,0.5126105546951294,0.510499894618988,0.527314305305481,0.5809676051139832,0.5182740092277527,0.5124516487121582,0.5235258340835571,0.9461936950683594,0.8686977028846741,0.7997615337371826,0.7530208826065063,0.721610426902771,0.7340359687805176,0.6638710498809814,0.6163359880447388,0.5742865800857544,0.7497644424438477,0.7282252311706543,0.7682396769523621,0.7898561358451843,0.7779744863510132,0.7676206827163696,0.8028197288513184,0.8179804086685181,0.811835527420044,0.8032105565071106,0.829384446144104,0.8434014916419983,to meet
0.36141881346702576,0.3949351906776428,0.4025561213493347,0.40573716163635254,0.4064144194126129,0.3436109125614166,0.3660222291946411,0.37610191106796265,0.380639910697937,0.3279973864555359,0.4014894366264343,0.41999930143356323,0.41675135493278503,0.3248636722564697,0.3990170359611511,0.4093621075153351,0.4042770266532898,0.3286595046520233,0.38620007038116455,0.3997735381126404,0.39902108907699585,0.9182778000831604,0.8430678248405457,0.7749618291854858,0.7258914709091187,0.6781580448150635,0.7200026512145996,0.6492372751235962,0.6005703806877136,0.5589904189109802,0.7324814796447754,0.7116386294364929,0.7598713040351868,0.7956622242927551,0.7541080117225647,0.7369438409805298,0.7843307852745056,0.8158922791481018,0.7810709476470947,0.7621229290962219,0.7962496280670166,0.8211436867713928,to meet
0.5550777912139893,0.5220676064491272,0.504398763179779,0.4849156439304352,0.4628812074661255,0.5552168488502502,0.52208012342453,0.5109147429466248,0.5080788731575012,0.5611862540245056,0.47958168387413025,0.48008617758750916,0.5000360608100891,0.5551382303237915,0.4737093448638916,0.4777275621891022,0.4984043538570404,0.543022096157074,0.47850579023361206,0.47964727878570557,0.49651047587394714,0.9851138591766357,0.90957111120224,0.8304094672203064,0.7752829194068909,0.7324748039245605,0.7685407400131226,0.7063503265380859,0.6755115985870361,0.6488941311836243,0.7898740172386169,0.7748717069625854,0.8115239143371582,0.8252575397491455,0.8236845135688782,0.8133083581924438,0.8484331965446472,0.858043372631073,0.8616628646850586,0.8526157736778259,0.878528356552124,0.888988196849823,to meet
0.37473803758621216,0.4202519953250885,0.4324638247489929,0.43280619382858276,0.43174394965171814,0.3765907883644104,0.40093928575515747,0.4125470817089081,0.4193151593208313,0.3613283336162567,0.43520283699035645,0.444034606218338,0.4297545552253723,0.3584488034248352,0.43312233686447144,0.4374328851699829,0.42303311824798584,0.36387619376182556,0.4214720129966736,0.42745617032051086,0.4154483377933502,0.9585239887237549,0.8870368003845215,0.8169129490852356,0.7695282697677612,0.734153687953949,0.754078209400177,0.6839835047721863,0.6421815752983093,0.6051393747329712,0.7706016898155212,0.7428644895553589,0.7888644337654114,0.815742015838623,0.7988355159759521,0.7805978059768677,0.8216734528541565,0.8406946659088135,0.8327938318252563,0.8168332576751709,0.8484869599342346,0.8650000691413879,to meet
0.38098928332328796,0.4187670946121216,0.4285144805908203,0.43143603205680847,0.4350745379924774,0.3769615590572357,0.40282851457595825,0.41548433899879456,0.42309850454330444,0.3641526997089386,0.43898266553878784,0.44595909118652344,0.4299229383468628,0.3628636598587036,0.4375479817390442,0.44087788462638855,0.4251769483089447,0.3699759542942047,0.43056052923202515,0.4343806505203247,0.4190542697906494,0.9681589603424072,0.8961368799209595,0.8229692578315735,0.7711248397827148,0.7297372817993164,0.7642648220062256,0.6955468058586121,0.6501088738441467,0.6106910109519958,0.7799149751663208,0.7534735798835754,0.7928459048271179,0.8123116493225098,0.807511031627655,0.7890308499336243,0.8247596621513367,0.8389874696731567,0.8415947556495667,0.8254859447479248,0.8537684679031372,0.8678795099258423,to meet
0.5502393245697021,0.5352415442466736,0.5182445049285889,0.49279671907424927,0.4681738317012787,0.5549871921539307,0.5138427019119263,0.49681249260902405,0.48704445362091064,0.5559751391410828,0.47310543060302734,0.47325459122657776,0.4913421869277954,0.5467174649238586,0.4666232466697693,0.47257328033447266,0.49300310015678406,0.5328192114830017,0.47015804052352905,0.4728040397167206,0.48970481753349304,0.9787276387214661,0.9148082137107849,0.843296468257904,0.7948045134544373,0.7589902281761169,0.7972144484519958,0.7370097637176514,0.695963442325592,0.6579375267028809,0.818412184715271,0.7985759377479553,0.8315442800521851,0.8429483771324158,0.8506613373756409,0.8369126319885254,0.8685652613639832,0.8757882118225098,0.8874187469482422,0.8754770159721375,0.9003860354423523,0.9088338613510132,to meet
0.38683345913887024,0.4213716387748718,0.431186318397522,0.43696215748786926,0.4413796365261078,0.3765464425086975,0.4053785800933838,0.4188348650932312,0.42815452814102173,0.36371752619743347,0.43914705514907837,0.4450927674770355,0.4294784367084503,0.36285296082496643,0.43933528661727905,0.44175007939338684,0.4263060688972473,0.3710682988166809,0.43418410420417786,0.43700939416885376,0.42137083411216736,0.9749675989151001,0.9020416140556335,0.8299558758735657,0.780433714389801,0.7391042113304138,0.773402750492096,0.7041871547698975,0.6594297289848328,0.6187888383865356,0.7890740633010864,0.7596842050552368,0.799299955368042,0.8190110921859741,0.8164159059524536,0.7949637174606323,0.8316498398780823,0.8462320566177368,0.8494508266448975,0.8309028744697571,0.8604580163955688,0.8750351071357727,to meet
0.38561463356018066,0.42181044816970825,0.43303513526916504,0.438686728477478,0.443875789642334,0.37595289945602417,0.4114982783794403,0.424132764339447,0.43062034249305725,0.3638351559638977,0.4419788718223572,0.4464791417121887,0.4301716983318329,0.3631947338581085,0.4415391981601715,0.44235607981681824,0.4268351197242737,0.37149471044540405,0.43596699833869934,0.43703487515449524,0.4208289384841919,0.9814661741256714,0.9064326882362366,0.8346112370491028,0.7873314619064331,0.7454466819763184,0.7755962610244751,0.709404706954956,0.6674370765686035,0.6254078149795532,0.7924135327339172,0.7599689960479736,0.7977507710456848,0.8156628012657166,0.8216724991798401,0.798613429069519,0.8343976736068726,0.8485918641090393,0.8562328815460205,0.836158275604248,0.864115297794342,0.8780836462974548,to meet
0.5526198148727417,0.5413095355033875,0.5254793763160706,0.4994651973247528,0.4744400978088379,0.5590860247612,0.5146036148071289,0.4956934154033661,0.4854721128940582,0.5579835176467896,0.47648343443870544,0.47813600301742554,0.4968506693840027,0.5484912395477295,0.4686635136604309,0.47572067379951477,0.49672311544418335,0.5358932018280029,0.47237658500671387,0.4766314625740051,0.4949520528316498,0.9804712533950806,0.9189967513084412,0.8527178168296814,0.8095214366912842,0.7789035439491272,0.8032506704330444,0.7467939257621765,0.7092983722686768,0.674752950668335,0.8241612315177917,0.805969774723053,0.8386977314949036,0.8495978116989136,0.8561855554580688,0.8409853577613831,0.8732753992080688,0.8800861835479736,0.8934043049812317,0.8814111948013306,0.9067539572715759,0.9152832627296448,to meet
0.3895977735519409,0.426624596118927,0.43695616722106934,0.4426329433917999,0.4463465213775635,0.37494632601737976,0.409290611743927,0.4214297831058502,0.42720845341682434,0.3635843098163605,0.44028395414352417,0.4457927346229553,0.4305884838104248,0.3639151155948639,0.4414186477661133,0.44243502616882324,0.42753469944000244,0.37303251028060913,0.4360004961490631,0.43727582693099976,0.4219907224178314,0.9851653575897217,0.9077234864234924,0.8387566804885864,0.7914630770683289,0.7479919791221619,0.7820876836776733,0.7147471904754639,0.6718007326126099,0.6305559873580933,0.8004381656646729,0.7670559883117676,0.8046383857727051,0.8225799202919006,0.8292450904846191,0.8040987253189087,0.8399926424026489,0.8548933267593384,0.8629065155982971,0.8412488698959351,0.8688915967941284,0.8830257058143616,to meet
0.5574480295181274,0.5303087830543518,0.5112677812576294,0.4884648025035858,0.465385764837265,0.5602821111679077,0.5190732479095459,0.5022906064987183,0.49335989356040955,0.5632654428482056,0.48031654953956604,0.4810733497142792,0.5001174807548523,0.5556157231330872,0.47477591037750244,0.48034989833831787,0.5007022023200989,0.5430325269699097,0.4780382215976715,0.4805053174495697,0.4976142644882202,0.9814990162849426,0.9175956845283508,0.8471736907958984,0.7970593571662903,0.7571253776550293,0.78987717628479,0.7349298000335693,0.6945700645446777,0.6597824096679688,0.8102368712425232,0.7952812314033508,0.8269369602203369,0.8373104929924011,0.841496467590332,0.8307973742485046,0.8620256185531616,0.8686593174934387,0.8779398202896118,0.8683936595916748,0.8938657641410828,0.9017162322998047,to meet
0.3773135542869568,0.4194762408733368,0.43178310990333557,0.43523314595222473,0.43801558017730713,0.3782203793525696,0.40311315655708313,0.41659417748451233,0.42693012952804565,0.3636849820613861,0.43813544511795044,0.44608479738235474,0.43318718671798706,0.361270010471344,0.4382936954498291,0.44131630659103394,0.42772918939590454,0.3683568835258484,0.43205946683883667,0.43565523624420166,0.4221348464488983,0.9730084538459778,0.9006074070930481,0.8305369019508362,0.7828786969184875,0.7451388835906982,0.7694287300109863,0.7025174498558044,0.6592332720756531,0.6209615468978882,0.7850239276885986,0.7585054636001587,0.7990316152572632,0.8220862150192261,0.8144288063049316,0.7949334979057312,0.8310703635215759,0.8476535081863403,0.8494032025337219,0.8329576849937439,0.861151397228241,0.8756210803985596,to meet
0.5610557794570923,0.5368114113807678,0.5197480320930481,0.4986874759197235,0.4753319323062897,0.5674008131027222,0.5247880816459656,0.5045236349105835,0.4933559000492096,0.5695052146911621,0.48840242624282837,0.4859342873096466,0.5021921396255493,0.5615370273590088,0.4820167124271393,0.4860559105873108,0.5051960945129395,0.5487656593322754,0.48635420203208923,0.4875703454017639,0.5032063722610474,0.9834089279174805,0.9132256507873535,0.8407699465751648,0.7913745641708374,0.7560598254203796,0.7864851951599121,0.7335531711578369,0.6979309916496277,0.667564332485199,0.8059788346290588,0.7857865691184998,0.8163750171661377,0.8274787068367004,0.8350540399551392,0.8234365582466125,0.8526043891906738,0.8598598837852478,0.8687355518341064,0.857916533946991,0.8820865750312805,0.8909743428230286,to meet
0.3702857494354248,0.4159347116947174,0.4280591309070587,0.43345165252685547,0.4370763599872589,0.3691730499267578,0.39850157499313354,0.4113757312297821,0.41901329159736633,0.35505250096321106,0.42989712953567505,0.4412730634212494,0.4298093914985657,0.35343214869499207,0.4300104081630707,0.4364607036113739,0.4250715970993042,0.36102548241615295,0.42431139945983887,0.4308719336986542,0.42023542523384094,0.9719954133033752,0.8989103436470032,0.8293947577476501,0.7805892825126648,0.7355194091796875,0.7688840627670288,0.7041502594947815,0.657773494720459,0.6176127195358276,0.7850971221923828,0.7564927339553833,0.8004597425460815,0.8286899924278259,0.8117329478263855,0.7889911532402039,0.8295581936836243,0.8524664640426636,0.8444978594779968,0.8253635168075562,0.856688380241394,0.8770003318786621,to meet
0.5669464468955994,0.5535423755645752,0.5445881485939026,0.5319795608520508,0.515527069568634,0.57454514503479,0.5382727384567261,0.5225098729133606,0.5144066214561462,0.5763884782791138,0.49884775280952454,0.4970541000366211,0.5142968893051147,0.5680937767028809,0.492455393075943,0.49519026279449463,0.5139064192771912,0.5555086135864258,0.4953341782093048,0.4939550757408142,0.5065792798995972,0.969269335269928,0.9050098657608032,0.8354010581970215,0.7894515991210938,0.7625104188919067,0.7770633697509766,0.715593159198761,0.6752297878265381,0.6412915587425232,0.79547119140625,0.7722127437591553,0.8035471439361572,0.8167442679405212,0.824815571308136,0.8099077343940735,0.8386499881744385,0.847823441028595,0.8585979342460632,0.8458287119865417,0.8701918721199036,0.8811804056167603,to meet
0.3646470308303833,0.40534329414367676,0.42014452815055847,0.431002676486969,0.44445303082466125,0.36137115955352783,0.3885129392147064,0.4010711908340454,0.40915367007255554,0.34716179966926575,0.42150360345840454,0.4349437952041626,0.42692553997039795,0.34417423605918884,0.4188160300254822,0.42799484729766846,0.4203163981437683,0.3486185371875763,0.40801525115966797,0.4194216728210449,0.41450434923171997,0.9617859721183777,0.8888572454452515,0.8181433081626892,0.7689128518104553,0.7307486534118652,0.7571340799331665,0.6953310966491699,0.6520219445228577,0.6144115924835205,0.7726312279701233,0.7483473420143127,0.7914247512817383,0.8206052184104919,0.79933762550354,0.7807889580726624,0.8207072615623474,0.8448686599731445,0.8320958018302917,0.8134081363677979,0.8423917293548584,0.8636223077774048,to meet
0.6108308434486389,0.573064386844635,0.5574987530708313,0.545354425907135,0.5312971472740173,0.6198173761367798,0.5900020003318787,0.5766470432281494,0.5681025385856628,0.6283686757087708,0.548893928527832,0.5450905561447144,0.5620052814483643,0.6252446174621582,0.5471850037574768,0.547700047492981,0.5648719668388367,0.6162792444229126,0.5543750524520874,0.549575924873352,0.5604217052459717,0.9316456913948059,0.8579226136207581,0.7920364141464233,0.7450910210609436,0.7131398916244507,0.7264387607574463,0.6655542254447937,0.6186514496803284,0.5773442983627319,0.7418327927589417,0.7296860218048096,0.7671430110931396,0.7825923562049866,0.7690556049346924,0.7668083906173706,0.8014700412750244,0.8138041496276855,0.803082287311554,0.7989424467086792,0.8270922303199768,0.8411537408828735,to meet
0.33015942573547363,0.3630182147026062,0.37118688225746155,0.37429118156433105,0.3664688766002655,0.30930155515670776,0.3257865905761719,0.334921270608902,0.34179726243019104,0.2894030809402466,0.3561130464076996,0.37603098154067993,0.3754986524581909,0.28173452615737915,0.35095322132110596,0.36338692903518677,0.3611360490322113,0.28183212876319885,0.33519959449768066,0.35106444358825684,0.35283878445625305,0.9216796159744263,0.8449109792709351,0.7742052674293518,0.7193931341171265,0.6747100353240967,0.7132191061973572,0.6528992056846619,0.604587733745575,0.5643079876899719,0.7230607867240906,0.7028639316558838,0.7504014372825623,0.7861822843551636,0.7469001412391663,0.7355459332466125,0.7813344597816467,0.8119134902954102,0.7794910669326782,0.7664752006530762,0.7956658601760864,0.8181273937225342,to meet
0.6304329633712769,0.5912060141563416,0.5778881311416626,0.5680833458900452,0.5511185526847839,0.6428992748260498,0.6115503311157227,0.597830057144165,0.5888407230377197,0.6530478596687317,0.571220874786377,0.5634987354278564,0.579237699508667,0.6483911871910095,0.5681357383728027,0.5655460357666016,0.5825864672660828,0.6362888813018799,0.5743741393089294,0.5668820738792419,0.5769230127334595,0.9114068746566772,0.8405721783638,0.7764188051223755,0.7306684255599976,0.7012075185775757,0.7125356197357178,0.6469579339027405,0.6001899242401123,0.5598085522651672,0.7297404408454895,0.7112537026405334,0.754263699054718,0.7737359404563904,0.7591814994812012,0.7492570281028748,0.7867130637168884,0.8005862832069397,0.7939547896385193,0.7837960124015808,0.8111987709999084,0.8243929743766785,to meet
0.30844396352767944,0.3418053984642029,0.35180482268333435,0.3567572832107544,0.34675469994544983,0.2932358980178833,0.3063375949859619,0.31404396891593933,0.31991225481033325,0.27114856243133545,0.33381417393684387,0.35741370916366577,0.36163944005966187,0.25965458154678345,0.32663071155548096,0.34593552350997925,0.3500514328479767,0.25619715452194214,0.30988186597824097,0.33282899856567383,0.3414149284362793,0.906633734703064,0.8332884311676025,0.7622935175895691,0.7073495984077454,0.6662522554397583,0.7020534873008728,0.6363898515701294,0.5916335582733154,0.5524115562438965,0.7128655314445496,0.6900628209114075,0.7397998571395874,0.7803902626037598,0.7368655800819397,0.7216501235961914,0.7672865390777588,0.8027468323707581,0.769597053527832,0.75184166431427,0.7773801684379578,0.8015355467796326,to meet
0.6997920870780945,0.661361813545227,0.651360034942627,0.6480523943901062,0.6454252004623413,0.707955539226532,0.6877973079681396,0.6815347075462341,0.6785629987716675,0.7220240235328674,0.6453561186790466,0.6405340433120728,0.6596649885177612,0.7253286838531494,0.6498632431030273,0.650726318359375,0.6705880165100098,0.7213043570518494,0.6602599620819092,0.6577765345573425,0.6722640991210938,0.8931335210800171,0.8218807578086853,0.7571141123771667,0.7139009833335876,0.6866844892501831,0.6832549571990967,0.6150836944580078,0.5642724633216858,0.517566978931427,0.6928706765174866,0.6780568957328796,0.7162699103355408,0.7329028844833374,0.7171059846878052,0.7096601128578186,0.7426609992980957,0.7567520141601562,0.7491288781166077,0.7406136393547058,0.7689211368560791,0.7859983444213867,to meet
0.256216824054718,0.2851478159427643,0.2944026589393616,0.29581019282341003,0.281931608915329,0.24528615176677704,0.2436491996049881,0.24396874010562897,0.24420969188213348,0.22522719204425812,0.261954128742218,0.28147149085998535,0.28678059577941895,0.2094089388847351,0.25194355845451355,0.26867562532424927,0.2734706997871399,0.19584645330905914,0.23257194459438324,0.25209951400756836,0.259006142616272,0.8769744634628296,0.7970666289329529,0.7249887585639954,0.6716851592063904,0.6377562880516052,0.6709287166595459,0.6060270667076111,0.5604548454284668,0.5198305249214172,0.6845173239707947,0.656765878200531,0.699885904788971,0.7368921637535095,0.706532895565033,0.6860939264297485,0.7258695363998413,0.7600991725921631,0.7374287843704224,0.7133179306983948,0.7390599250793457,0.7655020952224731,to meet
0.7238147854804993,0.6908071041107178,0.6809555292129517,0.6748109459877014,0.6681452989578247,0.7385644316673279,0.7149795293807983,0.7049551010131836,0.6998690366744995,0.7523148059844971,0.6761427521705627,0.6602658629417419,0.6697989106178284,0.7557113766670227,0.6788337826728821,0.6744701862335205,0.6906422972679138,0.7520946264266968,0.6921197175979614,0.6857010722160339,0.697894811630249,0.8983379602432251,0.8245790004730225,0.754707396030426,0.7076420783996582,0.6779680848121643,0.6849489808082581,0.613839328289032,0.563908576965332,0.5222545862197876,0.6947243809700012,0.6738831996917725,0.7118144631385803,0.7328699231147766,0.7190465331077576,0.7098466753959656,0.7446653842926025,0.7608985304832458,0.751677393913269,0.7423416972160339,0.7692756652832031,0.7867538332939148,to meet
0.24262335896492004,0.26659464836120605,0.2732594311237335,0.27472835779190063,0.2599121332168579,0.22407180070877075,0.2237882912158966,0.2243441641330719,0.2251729667186737,0.20207169651985168,0.23970437049865723,0.262656033039093,0.2724992036819458,0.18463894724845886,0.22942714393138885,0.24711552262306213,0.2527523338794708,0.16984397172927856,0.20909233391284943,0.22843484580516815,0.23400183022022247,0.8579007387161255,0.7874821424484253,0.7188606858253479,0.6677883863449097,0.6340599060058594,0.6627745628356934,0.5944101214408875,0.5506852269172668,0.5117294192314148,0.6769729852676392,0.6506849527359009,0.6964154243469238,0.7355934381484985,0.6978932023048401,0.6779317855834961,0.7231643795967102,0.7606242895126343,0.7265782356262207,0.7028629183769226,0.7319353818893433,0.7607012391090393,to meet
0.7461744546890259,0.7102218866348267,0.699924111366272,0.6953114867210388,0.6897749900817871,0.7571377158164978,0.7368313074111938,0.7280346155166626,0.7225912809371948,0.7735074758529663,0.6960416436195374,0.6810442805290222,0.6921943426132202,0.7793017625808716,0.701848566532135,0.6970731019973755,0.7131360173225403,0.7775700092315674,0.7176216840744019,0.7110202312469482,0.7235495448112488,0.9025065898895264,0.8262393474578857,0.7571207880973816,0.7084793448448181,0.6767250299453735,0.6867082715034485,0.6149826645851135,0.5641048550605774,0.5195029377937317,0.6958330273628235,0.6772815585136414,0.7245963215827942,0.7492122054100037,0.7197219729423523,0.7115267515182495,0.7540491223335266,0.7739773392677307,0.7528766989707947,0.7449906468391418,0.7748493552207947,0.7929655313491821,to meet
0.2281598001718521,0.25250476598739624,0.2603170573711395,0.2594834268093109,0.24358800053596497,0.20773182809352875,0.20755597949028015,0.20859432220458984,0.20973388850688934,0.1846674382686615,0.2243492305278778,0.24510884284973145,0.2527141571044922,0.16710034012794495,0.21419918537139893,0.22992084920406342,0.23395290970802307,0.15299153327941895,0.1947508007287979,0.21172627806663513,0.21473518013954163,0.8526836633682251,0.7864375710487366,0.7152919769287109,0.6644914746284485,0.6317940950393677,0.6606544852256775,0.5913780927658081,0.5466045141220093,0.5073137283325195,0.6736459136009216,0.6487559080123901,0.6975663304328918,0.739093542098999,0.6944283843040466,0.6763012409210205,0.7244877815246582,0.7620123028755188,0.7230103611946106,0.7010021209716797,0.7304757833480835,0.7575550079345703,to meet
0.7896286249160767,0.7530542612075806,0.7371031045913696,0.7287225723266602,0.7316078543663025,0.7986558079719543,0.7875010967254639,0.7813330292701721,0.7784864902496338,0.8228542804718018,0.7610742449760437,0.7354301810264587,0.7368889451026917,0.8353546261787415,0.7683892846107483,0.7517765164375305,0.7581695318222046,0.8396782875061035,0.7838212847709656,0.7690909504890442,0.7751547694206238,0.9009804129600525,0.8283383846282959,0.7615757584571838,0.7159558534622192,0.6818411946296692,0.6873803734779358,0.6149131059646606,0.5671712756156921,0.5269961357116699,0.6996881365776062,0.681148886680603,0.7297277450561523,0.7602362036705017,0.7257184386253357,0.7166179418563843,0.7611982226371765,0.7879438400268555,0.7601978182792664,0.7505728006362915,0.779738187789917,0.8005788326263428,to meet
0.19414833188056946,0.21976886689662933,0.22692403197288513,0.22178536653518677,0.19939538836479187,0.17166002094745636,0.16824042797088623,0.16520541906356812,0.1619299054145813,0.14587809145450592,0.18228749930858612,0.2036711722612381,0.2129185050725937,0.12559369206428528,0.16820670664310455,0.18446238338947296,0.18979734182357788,0.10900663584470749,0.1447046399116516,0.16218847036361694,0.16732819378376007,0.8431711792945862,0.7729510068893433,0.6975240707397461,0.6395087242126465,0.613440215587616,0.657314658164978,0.5859495997428894,0.5420477986335754,0.4998374581336975,0.6731188893318176,0.6458919644355774,0.693524181842804,0.7317171096801758,0.6952376961708069,0.6746575236320496,0.7246180772781372,0.7621865272521973,0.7233551144599915,0.6946244239807129,0.7245045304298401,0.7541730403900146,to meet
0.7984154224395752,0.760421633720398,0.743563711643219,0.7353153824806213,0.7413690090179443,0.8099359273910522,0.7986260056495667,0.7923206686973572,0.7882425785064697,0.8339179754257202,0.7665160298347473,0.7432341575622559,0.7484899759292603,0.846156895160675,0.7757316827774048,0.7594825029373169,0.767353355884552,0.8490131497383118,0.791865348815918,0.7771087288856506,0.7833164930343628,0.9079328775405884,0.8369789719581604,0.7699823975563049,0.7229368686676025,0.6906918883323669,0.6957007646560669,0.6240412592887878,0.5744506120681763,0.5321732759475708,0.7082049250602722,0.6855335235595703,0.7399885654449463,0.7717814445495605,0.7332018613815308,0.7185938358306885,0.7666175961494446,0.7935066819190979,0.7673032879829407,0.7550007104873657,0.785487711429596,0.8062763810157776,to meet
0.18959355354309082,0.21640168130397797,0.22610363364219666,0.22077429294586182,0.19414901733398438,0.16562654078006744,0.16076233983039856,0.15809084475040436,0.15388169884681702,0.14043407142162323,0.17474932968616486,0.19711294770240784,0.20551139116287231,0.12047095596790314,0.1635892689228058,0.18044155836105347,0.1847386211156845,0.10363742709159851,0.14002735912799835,0.15827293694019318,0.16194294393062592,0.8418262004852295,0.7755612134933472,0.6990309357643127,0.6414874196052551,0.6176092624664307,0.6606162190437317,0.5849299430847168,0.5382413864135742,0.4959569573402405,0.6764066219329834,0.6406509876251221,0.6931098699569702,0.7369225025177002,0.6980002522468567,0.6720004081726074,0.726318359375,0.76568204164505,0.7255457639694214,0.6940913200378418,0.726556122303009,0.7568554878234863,to meet
0.7941386103630066,0.7582655549049377,0.7432026863098145,0.7351657152175903,0.7421690225601196,0.8092387318611145,0.7972245216369629,0.7923206686973572,0.7904638051986694,0.83204185962677,0.7686482071876526,0.7432684302330017,0.7469366192817688,0.844078779220581,0.7759896516799927,0.7597144246101379,0.7685136198997498,0.8470214009284973,0.7909132838249207,0.7769743204116821,0.7852975726127625,0.9073100686073303,0.8354547619819641,0.7717109322547913,0.7245883941650391,0.6935152411460876,0.6981185078620911,0.6272571682929993,0.5764142274856567,0.5345669388771057,0.7103009223937988,0.6871649622917175,0.7397686243057251,0.7712588906288147,0.7347448468208313,0.7204957008361816,0.7682203650474548,0.7940887212753296,0.7687157988548279,0.7571544647216797,0.7884840965270996,0.8091885447502136,to meet
0.19073152542114258,0.21567845344543457,0.22322531044483185,0.2179861068725586,0.19466595351696014,0.16523097455501556,0.1599675863981247,0.15666978061199188,0.15190216898918152,0.13952934741973877,0.17425799369812012,0.19591346383094788,0.20337797701358795,0.11934743821620941,0.16238416731357574,0.17869427800178528,0.18301549553871155,0.10227490216493607,0.1380751132965088,0.15563081204891205,0.1591486930847168,0.846651554107666,0.7788783311843872,0.7039101719856262,0.648653507232666,0.6236010193824768,0.6624483466148376,0.5889865756034851,0.542763352394104,0.5008242726325989,0.678339958190918,0.6475189924240112,0.700497031211853,0.7433237433433533,0.7006232738494873,0.6782379746437073,0.7326501607894897,0.7716832756996155,0.729323148727417,0.7000102400779724,0.7303289175033569,0.7585819363594055,to meet
0.7866212129592896,0.7517533302307129,0.7381086945533752,0.7324244379997253,0.7375540733337402,0.8034884333610535,0.7904148101806641,0.783653736114502,0.7807261347770691,0.825851559638977,0.7630339860916138,0.7378929257392883,0.7416941523551941,0.8366537094116211,0.768659770488739,0.7511844038963318,0.7590879201889038,0.8375657796859741,0.7812570929527283,0.7670956254005432,0.7751144766807556,0.9041144847869873,0.83491051197052,0.771432638168335,0.7230691313743591,0.6905860304832458,0.6978673338890076,0.6246287822723389,0.5729001760482788,0.5311411023139954,0.7082772254943848,0.6856699585914612,0.7365209460258484,0.7682648301124573,0.7320298552513123,0.7195694446563721,0.7652437090873718,0.790757417678833,0.7655152678489685,0.7575384974479675,0.7876207828521729,0.8077263832092285,to meet
0.1931062936782837,0.2162305861711502,0.22386935353279114,0.2197895050048828,0.1988760381937027,0.1666405349969864,0.16233815252780914,0.15958264470100403,0.1560240387916565,0.1417641043663025,0.17675921320915222,0.1982790231704712,0.20739933848381042,0.12191067636013031,0.16604824364185333,0.1818917989730835,0.18734008073806763,0.1055733859539032,0.14317195117473602,0.16033726930618286,0.16467660665512085,0.8517972230911255,0.7843998670578003,0.7105453610420227,0.6556122303009033,0.6283774971961975,0.6675776839256287,0.5922901630401611,0.5452112555503845,0.5018475651741028,0.6829751133918762,0.6488627195358276,0.7005651593208313,0.7427524924278259,0.7043746113777161,0.6796872615814209,0.7335697412490845,0.7728358507156372,0.7320805788040161,0.7021936178207397,0.7333935499191284,0.7623333930969238,to meet
0.7757214307785034,0.7424355149269104,0.7288728952407837,0.7234435081481934,0.7284559011459351,0.7966687679290771,0.7861610054969788,0.7795878052711487,0.7763482332229614,0.8174196481704712,0.7517231702804565,0.7240256071090698,0.7259606719017029,0.8262808918952942,0.7572551369667053,0.7385264039039612,0.7452967762947083,0.8257810473442078,0.7697212100028992,0.7539211511611938,0.7602737545967102,0.9028609991073608,0.8334722518920898,0.766944944858551,0.716158390045166,0.6928814649581909,0.6973476409912109,0.6266694068908691,0.575833261013031,0.5368027687072754,0.7091087698936462,0.6870863437652588,0.7331274747848511,0.7638100385665894,0.7337982654571533,0.7195650935173035,0.7607744336128235,0.7864658236503601,0.7668046951293945,0.7561584711074829,0.783031165599823,0.8045188188552856,to meet
0.19726108014583588,0.2208738774061203,0.22822797298431396,0.22529244422912598,0.20550736784934998,0.17289221286773682,0.16845063865184784,0.16532813012599945,0.16154079139232635,0.14728303253650665,0.1819043606519699,0.20496690273284912,0.21598556637763977,0.12704001367092133,0.17055855691432953,0.18750204145908356,0.19357699155807495,0.11034029722213745,0.14774960279464722,0.16500043869018555,0.1691676527261734,0.8522377610206604,0.7859950065612793,0.7111652493476868,0.6545012593269348,0.6241939067840576,0.6663075089454651,0.5933283567428589,0.546178936958313,0.5032120943069458,0.6802915334701538,0.6501420140266418,0.700084388256073,0.741454005241394,0.7021660208702087,0.6811520457267761,0.7329317331314087,0.7713446617126465,0.7307066321372986,0.7058778405189514,0.7366498708724976,0.7645883560180664,to meet
0.7141682505607605,0.6807165145874023,0.6766636371612549,0.6757417917251587,0.6685285568237305,0.7351465225219727,0.7154703140258789,0.7082507014274597,0.7043384909629822,0.7503934502601624,0.6699220538139343,0.655360758304596,0.6662259101867676,0.7532976865768433,0.6721405982971191,0.6650425791740417,0.678891658782959,0.7487754225730896,0.6842895746231079,0.6746199131011963,0.6838204264640808,0.9113941192626953,0.8328108191490173,0.7643954157829285,0.717948317527771,0.6872169375419617,0.6949950456619263,0.6251251697540283,0.5741028785705566,0.5309059619903564,0.7081703543663025,0.6811076998710632,0.7213026285171509,0.7435098886489868,0.7354331612586975,0.718075692653656,0.7544287443161011,0.7728859782218933,0.7707852721214294,0.7537011504173279,0.7795303463935852,0.7986144423484802,to meet
0.23578420281410217,0.2593381106853485,0.26639655232429504,0.26410973072052,0.24776306748390198,0.213384211063385,0.21157220005989075,0.21124564111232758,0.2097657024860382,0.18939395248889923,0.2285395860671997,0.2513377070426941,0.2594284117221832,0.17210909724235535,0.22040194272994995,0.23825380206108093,0.2433215081691742,0.15845640003681183,0.20044396817684174,0.2197851687669754,0.22477617859840393,0.8618093729019165,0.7956389784812927,0.723217785358429,0.6686863303184509,0.6367307901382446,0.668351948261261,0.5983991622924805,0.5533621907234192,0.5131774544715881,0.6817668080329895,0.6511066555976868,0.6974732875823975,0.7380435466766357,0.7040692567825317,0.6841073036193848,0.7300593256950378,0.7673553228378296,0.7343156933784485,0.7113863229751587,0.7382424473762512,0.7644901275634766,to meet
0.6892473697662354,0.6542379856109619,0.6492231488227844,0.6475410461425781,0.6421113610267639,0.709394097328186,0.69040447473526,0.682437539100647,0.6785328984260559,0.7225653529167175,0.642609715461731,0.630541980266571,0.6440337896347046,0.723347544670105,0.6435874104499817,0.639356255531311,0.655225396156311,0.7160511612892151,0.6532109975814819,0.6460337042808533,0.657039225101471,0.9101981520652771,0.8287385106086731,0.7586713433265686,0.7127365469932556,0.6839028000831604,0.6959741711616516,0.6247544884681702,0.5745416879653931,0.531989336013794,0.7092723250389099,0.6886212229728699,0.727118194103241,0.748569905757904,0.7359217405319214,0.7238762974739075,0.7584640979766846,0.7745803594589233,0.7697361707687378,0.7578120231628418,0.784629225730896,0.802277147769928,to meet
0.2508658170700073,0.27606630325317383,0.2837994396686554,0.28227540850639343,0.2674011290073395,0.23239004611968994,0.22953395545482635,0.22857582569122314,0.22677944600582123,0.2103777527809143,0.24678939580917358,0.2686864733695984,0.276260644197464,0.1933552324771881,0.23920483887195587,0.25729361176490784,0.26221686601638794,0.17977578938007355,0.2208762913942337,0.24135832488536835,0.24764518439769745,0.8650221824645996,0.7947632670402527,0.7256022095680237,0.6747323274612427,0.6425262093544006,0.6708998084068298,0.6025300025939941,0.5583682060241699,0.5193297266960144,0.6851567625999451,0.6543875336647034,0.6972061395645142,0.7354142665863037,0.7068281769752502,0.6862797141075134,0.7304368615150452,0.7665424346923828,0.7356317639350891,0.7124180793762207,0.7403481602668762,0.7676467299461365,to meet
0.6648579835891724,0.6314222812652588,0.626610517501831,0.623818576335907,0.6162208318710327,0.6917585730552673,0.6675941944122314,0.6585785150527954,0.6553437113761902,0.704026460647583,0.6193692684173584,0.6063272356987,0.6192963123321533,0.702258288860321,0.6190031170845032,0.6140487194061279,0.6298685669898987,0.6923874616622925,0.6287757754325867,0.6207759380340576,0.6309084296226501,0.9128420948982239,0.8320750594139099,0.7621539235115051,0.715747058391571,0.688081681728363,0.7003076076507568,0.6287932395935059,0.579368531703949,0.5364185571670532,0.7151540517807007,0.6937733888626099,0.734732449054718,0.7582713961601257,0.743069052696228,0.7284998893737793,0.7651833891868591,0.7830649614334106,0.7776786088943481,0.764232337474823,0.7907425165176392,0.809101939201355,to meet
0.26457956433296204,0.29174864292144775,0.29987719655036926,0.300384521484375,0.28780397772789,0.24687056243419647,0.24831996858119965,0.24813701212406158,0.2469577044248581,0.2245732992887497,0.2677367031574249,0.2890905737876892,0.2955457866191864,0.2088099718093872,0.259172260761261,0.27748239040374756,0.2828145921230316,0.19774635136127472,0.24219092726707458,0.26256227493286133,0.26923686265945435,0.8681501150131226,0.7994925379753113,0.7325127124786377,0.6834760904312134,0.6489432454109192,0.6729568243026733,0.6065704822540283,0.5613921880722046,0.5217231512069702,0.6849645376205444,0.662316620349884,0.7048133611679077,0.7425558567047119,0.7066871523857117,0.6901066899299622,0.7320097088813782,0.7669315338134766,0.7363686561584473,0.7169274091720581,0.744449257850647,0.7710815668106079,to meet
0.6409891843795776,0.6075199842453003,0.6059122681617737,0.607647716999054,0.6047389507293701,0.6673666834831238,0.644724428653717,0.637025773525238,0.6344033479690552,0.6793231964111328,0.5943465828895569,0.581339418888092,0.5948432683944702,0.6765271425247192,0.5932154655456543,0.5876929759979248,0.602942168712616,0.6653337478637695,0.6023866534233093,0.5943370461463928,0.6038775444030762,0.9179874062538147,0.8359867334365845,0.7648426294326782,0.719084620475769,0.6877741813659668,0.7063779234886169,0.634464681148529,0.5854542255401611,0.5437024235725403,0.7228895425796509,0.6993096470832825,0.7408114075660706,0.7636924982070923,0.75206059217453,0.7333340048789978,0.7712217569351196,0.7893642783164978,0.7874714136123657,0.7694489359855652,0.7951648235321045,0.8133365511894226,to meet
0.27932503819465637,0.3077813982963562,0.31750041246414185,0.32049113512039185,0.3086942136287689,0.2658613622188568,0.26592516899108887,0.2672519385814667,0.2671269476413727,0.24443969130516052,0.2889840602874756,0.3125952482223511,0.31897059082984924,0.229408398270607,0.2816864848136902,0.3007875680923462,0.3051638603210449,0.21858760714530945,0.2656271755695343,0.2870657742023468,0.2937026619911194,0.8733283281326294,0.8093293905258179,0.7443460822105408,0.6921088695526123,0.6535028219223022,0.6822324991226196,0.6140329837799072,0.567252516746521,0.527082085609436,0.6927996277809143,0.6655651330947876,0.7099878191947937,0.7501923441886902,0.7125588059425354,0.693331778049469,0.7371160387992859,0.7740526795387268,0.740890622138977,0.7215302586555481,0.7500013113021851,0.7777727842330933,to meet
0.5833384990692139,0.555757999420166,0.5507009625434875,0.54624342918396,0.5390230417251587,0.6074820160865784,0.5771152377128601,0.5614896416664124,0.5518854260444641,0.6116102933883667,0.5340959429740906,0.5255216360092163,0.5387652516365051,0.6025289297103882,0.5254520177841187,0.5211148858070374,0.5357245206832886,0.5872763395309448,0.5264597535133362,0.5188577175140381,0.5278744697570801,0.9473369121551514,0.8652734756469727,0.79451584815979,0.7437078952789307,0.7112703323364258,0.740408182144165,0.6695664525032043,0.6245874762535095,0.5860223770141602,0.7604237794876099,0.7309805154800415,0.7672719955444336,0.7880454063415527,0.7895864844322205,0.7718762755393982,0.8038715720176697,0.8173966407775879,0.8232691884040833,0.8060948848724365,0.8303743004798889,0.8441236615180969,to meet
0.33815816044807434,0.37029433250427246,0.38028842210769653,0.38368749618530273,0.3845616281032562,0.32881513237953186,0.34833088517189026,0.3577701449394226,0.36347848176956177,0.30699706077575684,0.37218809127807617,0.39560645818710327,0.40290138125419617,0.2959344685077667,0.3645267188549042,0.38133034110069275,0.3858286142349243,0.2924758791923523,0.3494921326637268,0.36845338344573975,0.37473857402801514,0.9204546213150024,0.8609250783920288,0.7930477857589722,0.7417102456092834,0.6966400742530823,0.7226389646530151,0.6560673713684082,0.6127743721008301,0.575380802154541,0.7318649291992188,0.7185509204864502,0.7610678672790527,0.7959686517715454,0.7554332613945007,0.7449783086776733,0.7872368097305298,0.8210318088531494,0.7865216732025146,0.7706084847450256,0.800143301486969,0.8268826007843018,to meet
0.5639768242835999,0.5369932055473328,0.5307209491729736,0.5262991189956665,0.5207675695419312,0.5895975828170776,0.5630096197128296,0.5532529950141907,0.5503853559494019,0.593492329120636,0.5182497501373291,0.510037899017334,0.5241092443466187,0.5848186016082764,0.5106529593467712,0.5058445334434509,0.5198991298675537,0.5696632862091064,0.5100841522216797,0.5019482374191284,0.5101578235626221,0.960557222366333,0.8827618360519409,0.8102832436561584,0.7595582008361816,0.7231348752975464,0.758884847164154,0.6865725517272949,0.6404953598976135,0.5997471809387207,0.7760363221168518,0.7456337809562683,0.7793768048286438,0.7977568507194519,0.8027982711791992,0.7830404043197632,0.8161240816116333,0.8323436379432678,0.8345988988876343,0.8149814009666443,0.8396154046058655,0.8561046123504639,to meet
0.35796919465065,0.39063775539398193,0.40157294273376465,0.4058936536312103,0.40251538157463074,0.346224844455719,0.36550137400627136,0.37447142601013184,0.379983127117157,0.3255116939544678,0.3911128044128418,0.4116024971008301,0.4137328565120697,0.31685546040534973,0.38555121421813965,0.40084755420684814,0.40185701847076416,0.3156900107860565,0.37026840448379517,0.38781386613845825,0.39114752411842346,0.9375659227371216,0.8739570379257202,0.808976411819458,0.7590085864067078,0.7126732468605042,0.7418738603591919,0.6748387813568115,0.6288019418716431,0.58962482213974,0.7518893480300903,0.7392566800117493,0.7856613397598267,0.8203939199447632,0.7746390700340271,0.767175018787384,0.8118218183517456,0.8442261815071106,0.8046905994415283,0.7937375903129578,0.8229859471321106,0.8475560545921326,to meet
0.5422172546386719,0.5262510180473328,0.5116779208183289,0.4895980954170227,0.4681800305843353,0.5579153895378113,0.5117406845092773,0.4895403981208801,0.47921743988990784,0.5567785501480103,0.47567370533943176,0.4761394262313843,0.4970596730709076,0.5442910194396973,0.4654536843299866,0.47114768624305725,0.49357500672340393,0.5257195830345154,0.46606284379959106,0.46913212537765503,0.4869888424873352,0.9897342920303345,0.9155661463737488,0.8409176468849182,0.7915914058685303,0.7538772821426392,0.786950409412384,0.7174004316329956,0.6851048469543457,0.6558825969696045,0.8084158897399902,0.7809681296348572,0.8172592520713806,0.831780195236206,0.838745653629303,0.8198429942131042,0.8543269634246826,0.864136815071106,0.8708928227424622,0.8527199029922485,0.879273533821106,0.8911069631576538,to meet
0.38619759678840637,0.43045344948768616,0.4422384202480316,0.44509634375572205,0.4490582346916199,0.38485100865364075,0.4116067886352539,0.4236414134502411,0.43090593814849854,0.36776867508888245,0.44127875566482544,0.44787436723709106,0.4328816533088684,0.3631296157836914,0.4374815821647644,0.4405902624130249,0.42661160230636597,0.3671434819698334,0.4266206622123718,0.43175554275512695,0.4193571209907532,0.9770325422286987,0.9038801789283752,0.8337680697441101,0.7858563661575317,0.7458950281143188,0.7755631804466248,0.7079083323478699,0.6652687191963196,0.6268107891082764,0.7917543649673462,0.768642783164978,0.8151614665985107,0.8421182632446289,0.8208907842636108,0.8028744459152222,0.8468919396400452,0.868242084980011,0.8553226590156555,0.835896909236908,0.8687686920166016,0.8876502513885498,to meet
0.3868393898010254,0.4289708733558655,0.43971648812294006,0.44225096702575684,0.44578102231025696,0.37960153818130493,0.4156031906604767,0.4279414415359497,0.4338131546974182,0.36513733863830566,0.4405280351638794,0.44621431827545166,0.4306572377681732,0.3625636398792267,0.4392600357532501,0.4414927661418915,0.42747506499290466,0.36882483959198,0.4314439296722412,0.4344628155231476,0.42085936665534973,0.9881590604782104,0.9123661518096924,0.842102587223053,0.79414963722229,0.7495859861373901,0.7840120792388916,0.7184014916419983,0.6757301688194275,0.6351057291030884,0.7995551228523254,0.7706303596496582,0.8127376437187195,0.8340611457824707,0.8259623646736145,0.8048762679100037,0.8464217782020569,0.8651481866836548,0.8589798808097839,0.8392142653465271,0.8716351389884949,0.8901584148406982,to meet
0.5490550398826599,0.54693603515625,0.5325108170509338,0.5032511353492737,0.47594425082206726,0.5609814524650574,0.521384060382843,0.5014774799346924,0.48803794384002686,0.5568912625312805,0.476900190114975,0.47707104682922363,0.49551987648010254,0.5445219874382019,0.4677637219429016,0.4735461473464966,0.49416035413742065,0.528389036655426,0.46720802783966064,0.47231507301330566,0.49118325114250183,0.9723926186561584,0.9135794639587402,0.8467301726341248,0.8052899241447449,0.7800244688987732,0.798989474773407,0.7359105944633484,0.6913614869117737,0.6533021926879883,0.8188573122024536,0.7915911674499512,0.8237338066101074,0.8363077044487,0.8496038317680359,0.8265917301177979,0.8564274311065674,0.864219069480896,0.8842318654060364,0.8638144731521606,0.888076901435852,0.8977527618408203,to meet
0.3904966413974762,0.4300014078617096,0.4406973719596863,0.44192707538604736,0.4419441223144531,0.3841519355773926,0.4172484576702118,0.4287925362586975,0.4348100423812866,0.36822548508644104,0.44291961193084717,0.44876018166542053,0.4343777894973755,0.36431050300598145,0.44124844670295715,0.4434933662414551,0.4300329089164734,0.3696468770503998,0.4335547089576721,0.43686750531196594,0.4235267639160156,0.9865606427192688,0.914341151714325,0.8463826179504395,0.7995798587799072,0.7597153782844543,0.7852709293365479,0.7193627953529358,0.6758140921592712,0.6342474222183228,0.799929678440094,0.7748910784721375,0.8169260025024414,0.8363097906112671,0.8275907039642334,0.8078358769416809,0.8478018045425415,0.8639983534812927,0.8614583015441895,0.8424729704856873,0.8730468153953552,0.8894696831703186,to meet
0.3930269777774811,0.43008172512054443,0.43742233514785767,0.4377427399158478,0.4390924274921417,0.3785169720649719,0.41626253724098206,0.4293568730354309,0.4351426064968109,0.36635681986808777,0.444164901971817,0.44932058453559875,0.43269214034080505,0.36550572514533997,0.4432733356952667,0.44542762637138367,0.4307067394256592,0.37323370575904846,0.43701276183128357,0.4401782155036926,0.42633485794067383,0.9885321855545044,0.9131086468696594,0.8426758646965027,0.7936519384384155,0.7524518966674805,0.7883071303367615,0.7231980562210083,0.6805051565170288,0.6412100195884705,0.8052884340286255,0.7765985727310181,0.8158972263336182,0.8337372541427612,0.8331187963485718,0.8080689311027527,0.845914363861084,0.8617454171180725,0.86624675989151,0.8420880436897278,0.870710015296936,0.8875274062156677,to meet
0.5553643703460693,0.5460081696510315,0.5300018191337585,0.5004909038543701,0.47238630056381226,0.5678786635398865,0.5305126905441284,0.5115005970001221,0.4989878535270691,0.5648830533027649,0.4846327602863312,0.4825807213783264,0.498786598443985,0.5524011254310608,0.47546905279159546,0.47965139150619507,0.49818262457847595,0.5349335074424744,0.4744962751865387,0.47741997241973877,0.4939419627189636,0.9705212116241455,0.910275399684906,0.8428137302398682,0.7984360456466675,0.7686100602149963,0.7947391271591187,0.7368031740188599,0.6970338821411133,0.6620352268218994,0.8136491775512695,0.7854824066162109,0.8164529204368591,0.8296588063240051,0.8430164456367493,0.8215097784996033,0.8514179587364197,0.860948920249939,0.8758712410926819,0.8580038547515869,0.8811885714530945,0.891217052936554,to meet
0.3863570988178253,0.42927393317222595,0.4382112920284271,0.44002094864845276,0.44199803471565247,0.3783344328403473,0.41161105036735535,0.4234448969364166,0.42997244000434875,0.3645978271961212,0.44262534379959106,0.44761791825294495,0.4318625330924988,0.36303848028182983,0.442541241645813,0.44404762983322144,0.4295850396156311,0.3707479238510132,0.4357413053512573,0.43825244903564453,0.42424309253692627,0.9853851199150085,0.9119913578033447,0.8421762585639954,0.7937947511672974,0.7527891993522644,0.7857751250267029,0.720695436000824,0.6757729053497314,0.6347337961196899,0.8016600608825684,0.7758885025978088,0.8188859820365906,0.8416035771369934,0.8296297192573547,0.8088619709014893,0.8497816324234009,0.8692307472229004,0.8629803657531738,0.8443827629089355,0.8757268190383911,0.8942046165466309,to meet
0.5835826992988586,0.5614564418792725,0.5515122413635254,0.5408932566642761,0.5291929841041565,0.6038237810134888,0.5732005834579468,0.553891658782959,0.5416756272315979,0.6073068976402283,0.5316570997238159,0.5272756814956665,0.5432631373405457,0.5999554991722107,0.523480236530304,0.5232137441635132,0.5401515364646912,0.5871162414550781,0.5225592851638794,0.5167405009269714,0.5276782512664795,0.9441710710525513,0.8781682848930359,0.8117483854293823,0.7648019790649414,0.7272763848304749,0.7581284642219543,0.6952379941940308,0.6539127826690674,0.620735228061676,0.7754292488098145,0.7595630884170532,0.7893352508544922,0.8000007271766663,0.8019884824752808,0.7911404967308044,0.8218086957931519,0.8316783308982849,0.8325542211532593,0.817905604839325,0.8430238962173462,0.8553038835525513,to meet
0.356018602848053,0.3904634714126587,0.40322884917259216,0.4105988144874573,0.4087391495704651,0.3438360095024109,0.36455896496772766,0.3750874102115631,0.3835950791835785,0.3259221911430359,0.3969767689704895,0.41420313715934753,0.41445159912109375,0.3193616569042206,0.38944703340530396,0.40273523330688477,0.4037761390209198,0.32082629203796387,0.373241662979126,0.39199838042259216,0.39960652589797974,0.9536884427070618,0.8842615485191345,0.8172603249549866,0.769988477230072,0.7289510369300842,0.7513442635536194,0.6927312612533569,0.6504781246185303,0.6136236786842346,0.7634894251823425,0.7506061792373657,0.7978382110595703,0.8312495350837708,0.7880879044532776,0.7803485989570618,0.8254790306091309,0.8555521368980408,0.8188611268997192,0.8051164746284485,0.8334581255912781,0.8565585017204285,to meet
0.6071328520774841,0.5824334025382996,0.5723773837089539,0.5595778822898865,0.5429490804672241,0.6284034848213196,0.5965155959129333,0.5791463255882263,0.5665836930274963,0.6327404975891113,0.5509554147720337,0.5365089178085327,0.5445423126220703,0.6243658661842346,0.5453896522521973,0.5399125218391418,0.5533810257911682,0.6096165180206299,0.548035740852356,0.5406671166419983,0.5509239435195923,0.9372053742408752,0.8656234741210938,0.796814501285553,0.7510988712310791,0.7222017049789429,0.7411696314811707,0.6783459186553955,0.6331300735473633,0.5943533182144165,0.7593510746955872,0.7399656772613525,0.7735723257064819,0.792431116104126,0.7882583141326904,0.7742797136306763,0.8078352212905884,0.8221340179443359,0.8220096230506897,0.8049497604370117,0.8314604759216309,0.8457705974578857,to meet
0.3400762677192688,0.3717639148235321,0.38181132078170776,0.38851210474967957,0.3863963484764099,0.32300397753715515,0.3440279960632324,0.3545592129230499,0.36155006289482117,0.3037315011024475,0.36996129155158997,0.3923163115978241,0.3957500755786896,0.2959814667701721,0.36280545592308044,0.3822023272514343,0.3874378204345703,0.2956213355064392,0.34865236282348633,0.3727245330810547,0.38400474190711975,0.9372262954711914,0.8707807064056396,0.8023793697357178,0.7512111067771912,0.7094228863716125,0.7373034358024597,0.6739022135734558,0.6290863752365112,0.5911266803741455,0.7462355494499207,0.7307617664337158,0.7774357199668884,0.8153372406959534,0.7698321342468262,0.7577511668205261,0.8008571267127991,0.8353770971298218,0.8018239140510559,0.7863965034484863,0.8105183243751526,0.8336870074272156,to meet
0.6280888319015503,0.58991938829422,0.5762088298797607,0.5629546046257019,0.5412091016769409,0.6501188278198242,0.6168811321258545,0.6024347543716431,0.5925809144973755,0.6571400761604309,0.5720230340957642,0.5612943768501282,0.5749208331108093,0.6488876342773438,0.5671792030334473,0.5626674294471741,0.5788031816482544,0.6333547234535217,0.5720557570457458,0.560997486114502,0.568602979183197,0.9257138967514038,0.8559110164642334,0.792043149471283,0.7471336722373962,0.7169846296310425,0.7273561954498291,0.6617012023925781,0.6134301424026489,0.571025013923645,0.745724081993103,0.7196595668792725,0.7614904046058655,0.7826216816902161,0.7744303345680237,0.7567291259765625,0.7927533388137817,0.8066922426223755,0.8076313734054565,0.7903510332107544,0.8173024654388428,0.8309243321418762,to meet
0.31762081384658813,0.3503457307815552,0.36108770966529846,0.3651697337627411,0.35632288455963135,0.302421510219574,0.3198058009147644,0.3294236660003662,0.3361303210258484,0.28102248907089233,0.3473081588745117,0.372049480676651,0.3761754333972931,0.2708239257335663,0.33961135149002075,0.35966116189956665,0.36349308490753174,0.2686275541782379,0.3238079249858856,0.34620049595832825,0.3539363145828247,0.9255342483520508,0.8612134456634521,0.7879259586334229,0.7319661378860474,0.6931883692741394,0.721556544303894,0.6586859822273254,0.6134939789772034,0.5752443075180054,0.7316409349441528,0.7127565145492554,0.7607980966567993,0.7985905408859253,0.756272554397583,0.7445868253707886,0.788811981678009,0.8218078017234802,0.7898157835006714,0.7742227911949158,0.8005661368370056,0.8243283033370972,to meet
0.7080893516540527,0.6683205366134644,0.6581363677978516,0.6555867195129395,0.6568981409072876,0.7152302861213684,0.6526777148246765,0.6536629796028137,0.6725013852119446,0.7267288565635681,0.6559025645256042,0.6608230471611023,0.6829469203948975,0.7318379878997803,0.664023220539093,0.6721973419189453,0.6951034665107727,0.7322767972946167,0.6762112975120544,0.6807433366775513,0.6997065544128418,0.9071813821792603,0.8182874321937561,0.7479756474494934,0.7038812637329102,0.6752122044563293,0.6788360476493835,0.6542140245437622,0.6911744475364685,0.7156648635864258,0.687433660030365,0.6759099364280701,0.7117935419082642,0.72857666015625,0.707200825214386,0.7006763219833374,0.734000027179718,0.7473459243774414,0.7339266538619995,0.7321510910987854,0.7614427208900452,0.7753809094429016,to meet
0.24924707412719727,0.2767754793167114,0.2856852412223816,0.28378596901893616,0.2663594186306,0.2380717694759369,0.23396694660186768,0.23545970022678375,0.23617030680179596,0.21796421706676483,0.2518858015537262,0.27005621790885925,0.27388256788253784,0.20195993781089783,0.23987247049808502,0.25529900193214417,0.2598530054092407,0.18838578462600708,0.2192869782447815,0.23677268624305725,0.24261844158172607,0.8891221284866333,0.8085837960243225,0.7338632941246033,0.6815657615661621,0.6497447490692139,0.6801800727844238,0.6198717951774597,0.573816180229187,0.5335974097251892,0.6913868188858032,0.6602486968040466,0.6975862383842468,0.7355456948280334,0.7130560278892517,0.6886969804763794,0.7251403331756592,0.7588223218917847,0.7440820336341858,0.7171674966812134,0.7425596117973328,0.7703444957733154,to meet
0.7458220720291138,0.7099513411521912,0.696987509727478,0.6904529333114624,0.6839143633842468,0.7580703496932983,0.7392083406448364,0.7312129735946655,0.7259153723716736,0.7738869190216064,0.6974952220916748,0.6843077540397644,0.6965007781982422,0.7792667746543884,0.7030471563339233,0.6982671022415161,0.7156162261962891,0.7779874801635742,0.7163108587265015,0.7076112031936646,0.7192181348800659,0.8729724884033203,0.8076348900794983,0.7422354817390442,0.6940015554428101,0.6585446000099182,0.6717584133148193,0.6029900312423706,0.5497028827667236,0.5020946860313416,0.6789825558662415,0.6530424356460571,0.6991659998893738,0.7285248041152954,0.6997482776641846,0.6881905198097229,0.7298703193664551,0.7526414394378662,0.7301814556121826,0.7177435159683228,0.7501325607299805,0.7716431021690369,to meet
0.21730388700962067,0.24471069872379303,0.2543666958808899,0.2552850842475891,0.2367984652519226,0.20285387337207794,0.20168626308441162,0.20328518748283386,0.20514842867851257,0.1804049015045166,0.21711724996566772,0.23910638689994812,0.2468528151512146,0.1625504493713379,0.20382943749427795,0.2237427532672882,0.23091691732406616,0.14697608351707458,0.18356004357337952,0.2045539915561676,0.21231549978256226,0.8621070981025696,0.7938894629478455,0.7211167216300964,0.6678717732429504,0.6371216177940369,0.6645287871360779,0.5963993668556213,0.5533113479614258,0.514525830745697,0.6796582937240601,0.6502350568771362,0.6961569786071777,0.7329913973808289,0.7025186419487,0.6782448291778564,0.7217787504196167,0.7566750645637512,0.7329498529434204,0.7050301432609558,0.7334961891174316,0.7613422274589539,to meet
0.774664044380188,0.7365809679031372,0.7236887216567993,0.713882327079773,0.711112916469574,0.8006510138511658,0.7379856109619141,0.7114850282669067,0.7091419100761414,0.8084734082221985,0.7289264798164368,0.7081171870231628,0.7149285674095154,0.8085404634475708,0.7289919853210449,0.7168447971343994,0.7291948795318604,0.8009904026985168,0.7386751174926758,0.7291401028633118,0.7399137020111084,0.8876316547393799,0.804536759853363,0.7352353930473328,0.6854685544967651,0.6455590724945068,0.668667197227478,0.6304392218589783,0.6685000658035278,0.7046568393707275,0.6777925491333008,0.642777681350708,0.6883814334869385,0.7177345156669617,0.6965798139572144,0.6714990735054016,0.7150211334228516,0.7390165328979492,0.7222884893417358,0.7070654630661011,0.7390017509460449,0.7593134045600891,to meet
0.1999550461769104,0.22721153497695923,0.23717762529850006,0.23069895803928375,0.2136649489402771,0.18634679913520813,0.17982888221740723,0.17889611423015594,0.17825450003147125,0.16269885003566742,0.19394589960575104,0.21682530641555786,0.2256450057029724,0.14304861426353455,0.18119306862354279,0.19999855756759644,0.20624268054962158,0.12463188171386719,0.1600874662399292,0.18164563179016113,0.18946526944637299,0.8526805639266968,0.7838873863220215,0.7065663933753967,0.6525519490242004,0.6169946193695068,0.6596378684043884,0.5868105888366699,0.5419577360153198,0.5041351914405823,0.6758143901824951,0.6409747004508972,0.687576949596405,0.7294099926948547,0.6958533525466919,0.6705828309059143,0.7179398536682129,0.757399320602417,0.7232803702354431,0.6928045749664307,0.7220553159713745,0.7518578171730042,to meet
0.8032471537590027,0.7683021426200867,0.7518743872642517,0.7429338097572327,0.746160089969635,0.8305461406707764,0.787851095199585,0.7663536071777344,0.7646290063858032,0.8450616002082825,0.7786037921905518,0.7559283375740051,0.759493350982666,0.8523351550102234,0.780448853969574,0.7660436630249023,0.7737116813659668,0.8508760929107666,0.7911139726638794,0.7793797850608826,0.7869186401367188,0.8585258722305298,0.7828021049499512,0.714069664478302,0.6626821756362915,0.6228167414665222,0.6483668684959412,0.5979906320571899,0.6137284636497498,0.6321372389793396,0.6596629619598389,0.6255769729614258,0.6747016310691833,0.708114743232727,0.6805421113967896,0.6578208804130554,0.7029895782470703,0.7311664819717407,0.7085522413253784,0.6919613480567932,0.7232083678245544,0.7451118230819702,to meet
0.16079767048358917,0.18625885248184204,0.19356663525104523,0.19111368060112,0.16951629519462585,0.13636013865470886,0.13155588507652283,0.12907056510448456,0.12652303278446198,0.1110573559999466,0.14775237441062927,0.17125535011291504,0.1810256838798523,0.09083244949579239,0.13567720353603363,0.1532854288816452,0.15768003463745117,0.07466795295476913,0.11520520597696304,0.13130971789360046,0.13252468407154083,0.8381290435791016,0.7704095244407654,0.6922540068626404,0.6318140625953674,0.6044644117355347,0.6498485207557678,0.5731989741325378,0.5273531675338745,0.48298633098602295,0.6667823791503906,0.6312297582626343,0.6832298040390015,0.7239517569541931,0.6886215806007385,0.6611461639404297,0.7155441641807556,0.7549569606781006,0.7153120040893555,0.6837033033370972,0.7176177501678467,0.7487056255340576,to meet
0.8027768731117249,0.7715535759925842,0.7577961087226868,0.7529736757278442,0.7582515478134155,0.8246997594833374,0.8116026520729065,0.8056511878967285,0.8017421364784241,0.8463261723518372,0.7833853363990784,0.7615993022918701,0.7653878331184387,0.8567047715187073,0.7891331315040588,0.7761806845664978,0.7841055989265442,0.8574361205101013,0.8002389669418335,0.786305844783783,0.7919238805770874,0.8454385995864868,0.7879395484924316,0.7202202677726746,0.6709567904472351,0.634980320930481,0.6521987915039062,0.5773200988769531,0.5239790678024292,0.4796375632286072,0.6629643440246582,0.6316896677017212,0.6853649616241455,0.7213224172592163,0.6863740086555481,0.6660678386688232,0.7134658694267273,0.7444542050361633,0.7190282344818115,0.7018374800682068,0.7345271110534668,0.759170413017273,to meet
0.15655547380447388,0.18001525104045868,0.1862618774175644,0.182996466755867,0.1601887196302414,0.12850281596183777,0.12455712258815765,0.12230095267295837,0.11791481822729111,0.10402527451515198,0.14234307408332825,0.1674230992794037,0.17602629959583282,0.08422677218914032,0.1313820481300354,0.14971670508384705,0.15298950672149658,0.06754487752914429,0.10928833484649658,0.12689636647701263,0.12722042202949524,0.842599630355835,0.7770971655845642,0.6992095708847046,0.6397801637649536,0.6072316765785217,0.6551123261451721,0.5783357620239258,0.5302050709724426,0.4861691892147064,0.6713495254516602,0.632367730140686,0.6868762969970703,0.7312753796577454,0.6930410861968994,0.663673996925354,0.7219304442405701,0.7628860473632812,0.7213636040687561,0.687808632850647,0.7227107882499695,0.7539857029914856,to meet
0.7957773804664612,0.764598548412323,0.7524879574775696,0.7479362487792969,0.755825400352478,0.8200027942657471,0.8084244728088379,0.802960991859436,0.799996018409729,0.8415176868438721,0.7797269821166992,0.7560057044029236,0.7597078084945679,0.8514193892478943,0.783894956111908,0.7673943042755127,0.774789035320282,0.8514136075973511,0.7942745089530945,0.7796611189842224,0.7862668037414551,0.8587498664855957,0.7958265542984009,0.730501651763916,0.6843576431274414,0.647959291934967,0.6599516868591309,0.5856205224990845,0.5330623388290405,0.4919365644454956,0.6721437573432922,0.6424621343612671,0.6905921697616577,0.7238624095916748,0.6963462829589844,0.6772823929786682,0.7216591238975525,0.7494813203811646,0.7288472056388855,0.7143831253051758,0.7450700998306274,0.7676578164100647,to meet
0.16015540063381195,0.18181852996349335,0.185286283493042,0.18065525591373444,0.15892602503299713,0.127224400639534,0.12012739479541779,0.11463906615972519,0.10832850635051727,0.10203740000724792,0.13914068043231964,0.16527965664863586,0.17630204558372498,0.0830874890089035,0.13007593154907227,0.1496872901916504,0.1556832641363144,0.0678149089217186,0.10751743614673615,0.12714779376983643,0.1314493864774704,0.8566008806228638,0.7921611666679382,0.7140264511108398,0.6530901789665222,0.6188753843307495,0.6667682528495789,0.5917607545852661,0.5436166524887085,0.49949508905410767,0.6836470365524292,0.6450759768486023,0.6968590021133423,0.7405728697776794,0.7084142565727234,0.6785883903503418,0.7333782911300659,0.7744406461715698,0.7409411668777466,0.705943763256073,0.735917866230011,0.7658522129058838,to meet
0.796352207660675,0.7620985507965088,0.7511187195777893,0.7461839318275452,0.7459512948989868,0.8227849006652832,0.8095120787620544,0.8054478764533997,0.8044076561927795,0.8400143980979919,0.7758890986442566,0.7484254837036133,0.7494707703590393,0.8466125726699829,0.777320921421051,0.7595595121383667,0.7660699486732483,0.8441697955131531,0.7870379090309143,0.7737842202186584,0.7816482782363892,0.8734517097473145,0.802772581577301,0.7360382080078125,0.6879318356513977,0.6478169560432434,0.6671977043151855,0.5954424738883972,0.5407810211181641,0.4981536865234375,0.6776160001754761,0.6399536728858948,0.688248336315155,0.7231411337852478,0.6983140707015991,0.6728427410125732,0.7188077569007874,0.7488301992416382,0.7276257872581482,0.7120113968849182,0.7424862384796143,0.7654462456703186,to meet
0.16786713898181915,0.18774163722991943,0.18950632214546204,0.18306317925453186,0.16381002962589264,0.13333453238010406,0.1251763105392456,0.11969715356826782,0.1136251837015152,0.10884690284729004,0.14456996321678162,0.1714540719985962,0.18465042114257812,0.08937766402959824,0.13412123918533325,0.154405415058136,0.1618884801864624,0.07367658615112305,0.11319266259670258,0.13199901580810547,0.13614428043365479,0.8607358932495117,0.7949629426002502,0.7168574929237366,0.6587181687355042,0.6275189518928528,0.6718859672546387,0.5950667858123779,0.5457273125648499,0.5008269548416138,0.6881757974624634,0.6490412950515747,0.698237955570221,0.7401679158210754,0.7108123898506165,0.6796581149101257,0.7331419587135315,0.7743974924087524,0.7396855354309082,0.7045961022377014,0.735852837562561,0.7671818733215332,to meet
0.7872152924537659,0.7532604336738586,0.7412688136100769,0.7362649440765381,0.7398108243942261,0.809543251991272,0.7956454753875732,0.7895106673240662,0.7875458002090454,0.8289323449134827,0.763361394405365,0.7364572286605835,0.7372776865959167,0.8369408249855042,0.766838014125824,0.7489587068557739,0.7538368701934814,0.8358431458473206,0.7784967422485352,0.7629672884941101,0.7675219178199768,0.8721645474433899,0.7960209846496582,0.7301779389381409,0.6829090714454651,0.6450470089912415,0.6627212762832642,0.5894379615783691,0.5387287735939026,0.4959983229637146,0.6736234426498413,0.641913115978241,0.6895800232887268,0.7252442836761475,0.6956223845481873,0.675631582736969,0.719757080078125,0.7510377764701843,0.7261921167373657,0.7088174223899841,0.7380692958831787,0.7627884745597839,to meet
0.17725205421447754,0.19842158257961273,0.19915199279785156,0.19183634221553802,0.17551594972610474,0.14278893172740936,0.13540609180927277,0.13012130558490753,0.12417776137590408,0.11812074482440948,0.15192082524299622,0.17952486872673035,0.19410423934459686,0.09852799773216248,0.14164721965789795,0.16297292709350586,0.1719835251569748,0.082953080534935,0.122196726500988,0.14139892160892487,0.14659520983695984,0.8638470768928528,0.7954185605049133,0.7152038812637329,0.6553911566734314,0.6220319271087646,0.6733094453811646,0.5983952879905701,0.5497138500213623,0.5051412582397461,0.6889758110046387,0.6489360332489014,0.6950657963752747,0.736556887626648,0.7104812860488892,0.6802499294281006,0.7314680218696594,0.7725937366485596,0.7375426292419434,0.7044559121131897,0.7359609603881836,0.7682488560676575,to meet
